"id","documento","apellido","nombre","telefono","correo","direccion"
"1","1850749524","Pérez","Ana","0991234567","ana.perez@mail.com","Av. Siempre Viva 123"
"2","1874563214","Rodríguez","Juan","0987654321","juan.rodriguez@mail.com","Calle Falsa 456"
"3","1874658912","Gómez","María","0971122334","maria.gomez@mail.com","Boulevard Central 789"
"4","1897563254","Robles","Andres","0992756248","andres@gmail.com","Ambato"
"5","1856947404","López","Alex","0997436087","alex@gmail.com","Izamba"
"6","1874632594","Nuñez","Carlos","0997486126","carlos@gmail.com","Latacunga"
"7","1874569821","García","David","0994523684","david@gmail.com","Baños"
"8","1874124578","Constante","Juan","0991453078","juan@gmail.com","Quito"
"9","1802146305","Torres","Jorge","0993647513","jorge@gmail.com","Cuenca"
"10","1802146301","Robalino","Luis","0994531078","luis@gmail.com","Baños"
"11","1854632504","Chimborazo","Alex","0998543654","alex@gmail.com","Guayaquil"
"12","1845693206","Álvarez","Joel","0998456047","joel@gmail.com","Riobamba"
